-122.271515,37.803017
-122.276245,37.837433
-122.177284,37.73681
-122.27122,37.80068
-122.27588,37.83208
-122.24831,37.791195
-122.25546,37.81102
-122.16077,37.756535
-122.28602,37.81455
-122.23091,37.78723
-122.265305,37.80776
-122.18652,37.792522
-122.27448,37.806873
-122.27588,37.83208
-122.13744,37.73597
-122.25577,37.807823
-122.265305,37.80776
-122.24425,37.7937
-122.199585,37.832954
-122.221214,37.78123
-122.2202,37.78091
-122.26383,37.83143
-122.26873,37.82954
-122.27614,37.839546
-122.2654,37.807156
-122.2089,37.771423
-122.24621,37.811275
-122.2303,37.80084
-122.2742,37.8102
-122.290085,37.825012
-122.203926,37.791862
-122.201965,37.771164
-122.24381,37.7945
-122.12008,37.75432
-122.1944,37.77591
-122.29065,37.80502
-122.262794,37.811325
-122.17358,37.76564
-122.27097,37.803112
-122.270805,37.8039
-122.201256,37.74257
-122.27362,37.804684
-122.27362,37.804684
-122.25843,37.80998
-122.26775,37.821735
-122.24727,37.831608
-122.167725,37.766617
-122.271515,37.803017
-122.276985,37.825287
-122.27171,37.826187
-122.288086,37.840862
-122.18133,37.746826
-122.251366,37.800274
-122.259865,37.81518
-122.18441,37.769943
-122.17585,37.74505
-122.25057,37.798687
-122.24872,37.81799
-122.2294,37.81112
-122.30039,37.81262
-122.17302,37.76557
-122.17384,37.740566
-122.22593,37.83937
-122.195915,37.804893
-122.19092,37.729862
-122.19471,37.799595
-122.18202,37.73401
-122.27463,37.80786
-122.23112,37.780865
-122.21007,37.78569
-122.2426,37.792156
-122.27464,37.803875
-122.231064,37.809006
-122.171715,37.750748
-122.244804,37.817184
-122.25953,37.82177
-122.17846,37.776806
-122.27322,37.81494
-122.18253,37.762653
-122.26831,37.80638
-122.20367,37.793274
-122.200485,37.73592
-122.268394,37.847126
-122.17595,37.752655
-122.26957,37.807037
-122.2631,37.83183
-122.27292,37.804737
-122.26793,37.790714
-122.288376,37.81839
-122.25799,37.830326
-122.257095,37.8129
-122.27034,37.80372
-122.27406,37.801228
-122.232346,37.79215
-122.23151,37.80801
-122.20819,37.765663
-122.26041,37.8288
-122.26477,37.825397
-122.267044,37.805004
-122.19176,37.747818
-122.27292,37.804737
-122.22999,37.788628
-122.28949,37.80192
-122.185036,37.79662
-122.27286,37.8437
-122.27816,37.821384
-122.27362,37.804684
-122.247894,37.848022
-122.20929,37.767937
-122.20929,37.767937
-122.153336,37.773224
-122.241234,37.78539
-122.173035,37.754356
-122.25313,37.816647
-122.1857,37.832657
-122.193855,37.77148
-122.27817,37.842598
-122.23683,37.77986
-122.24288,37.782337
-122.182655,37.79827
-122.179474,37.754555
-122.18391,37.784573
-122.26792,37.814747
-122.26796,37.82183
-122.19322,37.7747
-122.268364,37.803963
-122.26914,37.790455
-122.266045,37.80465
-122.2738,37.7965
-122.28875,37.825645
-122.265945,37.810966
-122.24518,37.79343
-122.211845,37.788555
-122.45259,37.7817
-122.22787,37.80714
-122.21856,37.782475
-122.27827,37.82268
-122.231995,37.794514
-122.12866,37.746216
-122.272156,37.79672
-122.28225,37.813164
-122.21674,37.769695
-122.26626,37.80152
-122.41698,37.768482
-122.22635,37.76813
-122.416336,37.775654
-122.21511,37.80032
-122.294846,37.807487
-122.297005,37.805332
-122.246574,37.797924
-122.288086,37.823055
-122.29297,37.808132
-122.27065,37.804394
-122.15822,37.7402
-122.25922,37.810883
-122.252266,37.80365
-122.23586,37.777325
-122.21182,37.788555
-122.18809,37.76689
-122.26797,37.79406
-122.268295,37.802914
-122.243484,37.807007
-122.27074,37.80943
-122.16198,37.742954
-122.26324,37.830032
-122.175705,37.74653
-122.25077,37.81182
-122.270805,37.8039
-122.26385,37.83114
-122.4056,37.790657
-122.24406,37.815063
-122.200424,37.735966
-122.27291,37.8003
-122.206474,37.786102
-122.19819,37.734917
-122.214455,37.78024
-122.20495,37.743694
-122.20864,37.825966
-122.27292,37.802868
-122.27453,37.830963
-122.252556,37.80373
-122.20563,37.76352
-122.248924,37.82045
-122.20207,37.770664
-122.25824,37.798744
-122.256966,37.79966
-122.15684,37.750027
-122.17732,37.759365
-122.182655,37.79827
-122.48742,37.773205
-122.21118,37.799625
-122.27612,37.800766
-122.21115,37.799015
-122.21816,37.78833
-122.252,37.82681
-122.27334,37.794483
-122.19715,37.736366
-122.27979,37.846058
-122.13681,37.737106
-122.17573,37.754086
-122.2467,37.8002
-122.28656,37.81401
-122.4056,37.790657
-122.29042,37.820892
-122.276306,37.841248
-122.27291,37.8003
-122.29145,37.815323
-122.2712,37.80368
-122.20659,37.77886
-122.192505,37.821293
-122.26832,37.81576
-122.277,37.795666
-122.17968,37.79499
-122.22254,37.766964
-122.28468,37.816998
-122.22926,37.80807
-122.26202,37.84159
-122.1786,37.7424
-122.19052,37.751415
-122.26063,37.851635
-122.272446,37.840584
-122.26973,37.80743
-122.20756,37.823483
-122.26583,37.8084
-122.28728,37.8062
-122.18666,37.747986
-122.2947,37.813057
-122.135796,37.77399
-122.214714,37.793365
-122.2728,37.80282
-122.18272,37.761288
-122.269585,37.80703
-122.19566,37.755665
-122.26643,37.799614
-122.19279,37.787037
-122.20197,37.771126
-122.294846,37.810585
-122.27113,37.80659
-122.21446,37.767338
-122.260666,37.815693
-122.265564,37.796913
-122.23308,37.78144
-122.219734,37.771206
-122.255196,37.82052
-122.2776,37.80517
-122.273766,37.800774
-122.153336,37.773293
-122.267586,37.806942
-122.20603,37.785866
-122.271324,37.825653
-122.27351,37.803967
-122.268074,37.806164
-122.270454,37.80678
-122.18458,37.741505
-122.26231,37.81203
-122.166504,37.77001
-122.267494,37.80473
-122.256775,37.827286
-122.23939,37.80207
-122.26096,37.81652
-122.26564,37.806774
-122.43338,37.794434
-122.2898,37.814938
-122.26518,37.80273
-122.18716,37.776154
-122.26518,37.80273
-122.20692,37.77798
-122.26172,37.83865
-122.269585,37.80703
-122.25678,37.79141
-122.13169,37.735813
-122.26577,37.803493
-122.215576,37.770508
-122.257675,37.798527
-122.19107,37.820656
-122.26522,37.80483
-122.20717,37.744923
-122.215576,37.770508
-122.25678,37.79141
-122.22244,37.807117
-122.28537,37.819042
-122.24872,37.81799
-122.24872,37.81799
-122.279915,37.82183
-122.247116,37.810944
-122.29042,37.829327
-122.24331,37.813538
-122.19658,37.75701
-122.17294,37.76731
-122.251625,37.80949
-122.19281,37.756207
-122.26923,37.80664
-122.27034,37.80372
-122.18666,37.76599
-122.26795,37.805458
-122.214264,37.79127
-122.2934,37.81344
-122.26394,37.80338
-122.27112,37.804806
-122.278114,37.82457
-122.18451,37.74178
-122.173,37.76735
-122.28615,37.83145
-122.250786,37.811825
-122.14494,37.772617
-122.27409,37.794716
-122.27407,37.810345
-122.19377,37.783627
-122.2467,37.844044
-122.25461,37.808895
-122.18228,37.7978
-122.26744,37.811237
-122.25307,37.849598
-122.21621,37.83891
-122.224686,37.77567
-122.27511,37.83539
-122.40513,37.788403
-122.20401,37.7393
-122.28786,37.819675
-122.245316,37.815655
-122.27034,37.80372
-122.27034,37.80372
-122.27479,37.80116
-122.1621,37.76942
-122.25473,37.824726
-122.20552,37.75512
-122.1621,37.76942
-122.17537,37.726845
-122.26581,37.80413
-122.2573,37.813328
-122.16952,37.768093
-122.26161,37.828632
-122.187485,37.760925
-122.23091,37.78723
-122.128784,37.752888
-122.20379,37.794247
-122.272934,37.802864
-122.19191,37.80405
-122.23307,37.778313
-122.2847,37.810417
-122.27288,37.807137
-122.19775,37.8096
-122.19491,37.800022
-122.250786,37.811825
-122.17779,37.760136
-122.22408,37.793617
-122.268295,37.805805
-122.179344,37.7442
-122.198875,37.73538
-122.173584,37.728897
-122.43188,37.797577
-122.27465,37.80389
-122.2855,37.83441
-122.28045,37.842194
-122.21196,37.793785
-122.17823,37.728474
-122.29114,37.81426
-122.25579,37.828846
-122.18804,37.73597
-122.26301,37.812332
-122.2723,37.8013
-122.16211,37.73785
-122.236916,37.794567
-122.14233,37.77798
-122.281975,37.841805
-122.276115,37.840286
-122.26362,37.806488
-122.24252,37.79386
-122.21466,37.7675
-122.192665,37.79679
-122.27471,37.83234
-122.43338,37.794434
-122.25544,37.80923
-122.291016,37.801037
-122.18841,37.758106
-122.27066,37.804398
-122.15546,37.769226
-122.20979,37.778587
-122.27706,37.797993
-122.17086,37.742996
-122.1666,37.74324
-122.42053,37.79601
-122.281975,37.841805
-122.27852,37.798355
-122.27852,37.798355
-122.27476,37.82399
-122.263855,37.83597
-122.28419,37.81247
-122.27356,37.80475
-122.248344,37.8134
-122.268,37.79407
-122.233246,37.77849
-122.19839,37.73572
-122.195305,37.823425
-122.165855,37.746784
-122.296776,37.807384
-122.1833,37.748795
-122.20089,37.743034
-122.28606,37.80999
-122.27213,37.833397
-122.26383,37.83143
-122.27546,37.795624
-122.248344,37.8134
-122.20418,37.771072
-122.272385,37.80452
-122.267204,37.80759
-122.28613,37.816906
-122.15516,37.79106
-122.247475,37.801388
-122.19525,37.726585
-122.246376,37.7981
-122.286896,37.818848
-122.22088,37.785797
-122.27816,37.821384
-122.179405,37.77658
-122.183014,37.730396
-122.16478,37.779945
-122.25217,37.847675
-122.27479,37.833103
-122.26831,37.805813
-122.26987,37.827183
-122.274216,37.801
-122.28433,37.824142
-122.156944,37.742153
-122.20717,37.744923
-122.243904,37.815487
-122.20005,37.735992
-122.230095,37.80489
-122.17166,37.770157
-122.21069,37.768024
-122.26885,37.807495
-122.25016,37.837387
-122.21037,37.828266
-122.27565,37.794506
-122.245895,37.815315
-122.265305,37.80776
-122.2714,37.81926
-122.25481,37.841476
-122.19672,37.791393
-122.21668,37.80783
-122.24831,37.791195
-122.29388,37.836338
-122.274506,37.807777
-122.24698,37.83227
-122.26808,37.806168
-122.21099,37.76406
-122.20657,37.75709
-122.22346,37.7894
-122.18305,37.774166
-122.198204,37.785217
-122.215744,37.77089
-122.26744,37.807346
-122.210335,37.826252
-122.2146,37.841747
-122.25482,37.809578
-122.274956,37.81871
-122.17648,37.762764
-122.27194,37.80248
-122.231224,37.772762
-122.2651,37.798504
-122.286896,37.818848
-122.23666,37.774742
-122.25415,37.82489
-122.21655,37.774315
-122.25805,37.842022
-122.189415,37.729362
-122.265305,37.80776
-122.2275,37.781982
-122.28772,37.80499
-122.21049,37.78928
-122.19168,37.74452
-122.287674,37.830765
-122.22241,37.807056
-122.25381,37.801422
-122.22485,37.773746
-122.29033,37.843815
-122.23223,37.771996
-122.20568,37.80022
-122.15934,37.739964
-122.271065,37.805763
-122.15934,37.739964
-122.21041,37.776463
-122.14352,37.761883
-122.27336,37.79946
-122.23561,37.8031
-122.171425,37.749107
-122.180626,37.746716
-122.247406,37.796135
-122.26288,37.839725
-122.261925,37.820618
-122.25206,37.8264
-122.162766,37.77057
-122.27226,37.818237
-122.19411,37.78971
-122.22461,37.80375
-122.19897,37.754417
-122.23017,37.800816
-122.20806,37.832764
-122.28408,37.840733
-122.29731,37.80614
-122.278244,37.797974
-122.244415,37.811333
-122.24864,37.805202
-122.22384,37.79322
-122.207535,37.77735
-122.26032,37.811893
-122.17618,37.74451
-122.29754,37.803707
-122.26569,37.814793
-122.2718,37.82075
-122.21795,37.78249
-122.17392,37.765892
-122.19147,37.765255
-122.28002,37.815525
-122.215645,37.772068
-122.19668,37.771782
-122.18065,37.799286
-122.27246,37.845463
-122.305016,37.819115
-122.20317,37.811153
-122.2496,37.805573
-122.209595,37.799374
-122.30166,37.811592
-122.2048,37.785706
-122.263176,37.832657
-122.15934,37.739964
-122.153336,37.773293
-122.25452,37.838486
-122.25283,37.812183
-122.18124,37.763447
-122.22787,37.80714
-122.287346,37.84947
-122.27105,37.80576
-122.205315,37.78325
-122.28831,37.80912
-122.28354,37.826775
-122.20305,37.761936
-122.24275,37.813385
-122.22628,37.807396
-122.48811,37.751076
-122.265686,37.79342
-122.204575,37.82841
-122.2452,37.811653
-122.247314,37.839695
-122.25068,37.847366
-122.245605,37.80819
-122.255745,37.82802
-122.2761,37.83444
-122.27816,37.821384
-122.24002,37.800575
-122.27809,37.799046
-122.22192,37.780514
-122.237114,37.815056
-122.26341,37.83414
-122.25565,37.84411
-122.27546,37.843025
-122.25601,37.793793
-122.20108,37.78778
-122.178276,37.77932
-122.27291,37.804703
-122.24724,37.805157
-122.29078,37.805435
-122.262924,37.839043
-122.2897,37.848583
-122.253,37.827526
-122.211426,37.773098
-122.23827,37.78166
-122.20724,37.797108
-122.20333,37.74405
-122.2557,37.8447
-122.2049,37.79272
-122.26789,37.820496
-122.25812,37.828415
-122.200294,37.80001
-122.429474,37.794987
-122.24694,37.827778
-122.26692,37.81468
-122.27944,37.79736
-122.27113,37.80659
-122.184044,37.791588
-122.28081,37.81077
-122.254425,37.822186
-122.27464,37.803875
-122.257576,37.828266
-122.21012,37.80399
-122.18508,37.834717
-122.244286,37.817364
-122.215706,37.770863
-122.26898,37.79279
-122.268326,37.829956
-122.201645,37.79651
-122.25458,37.808105
-122.23008,37.79581
-122.26428,37.83285
-122.18853,37.775208
-122.257256,37.84965
-122.26528,37.807774
-122.25679,37.816566
-122.27328,37.83862
-122.23707,37.77615
-122.251236,37.83734
-122.26255,37.834854
-122.24519,37.81709
-122.251755,37.8232
-122.28136,37.817932
-122.227516,37.811653
-122.19526,37.72667
-122.42606,37.73891
-122.22164,37.777325
-122.22737,37.837208
-122.2683,37.7934
-122.27944,37.79736
-122.26626,37.80152
-122.257576,37.828266
-122.30082,37.838097
-122.21847,37.788948
-122.28174,37.824142
-122.22029,37.774204
-122.13524,37.7362
-122.21071,37.76802
-122.28168,37.814514
-122.23412,37.797077
-122.23006,37.77198
-122.19819,37.734917
-122.15252,37.74001
-122.245255,37.796165
-122.203156,37.740932
-122.2344,37.78866
-122.20862,37.76643
-122.21226,37.79919
-122.195984,37.78511
-122.18856,37.734016
-122.20333,37.74405
-122.270744,37.80302
-122.21034,37.826237
-122.28274,37.821373
-122.28485,37.823437
-122.17336,37.756763
-122.27547,37.81349
-122.18807,37.79923
-122.28871,37.83029
-122.42524,37.77034
-122.28168,37.814514
-122.28647,37.809673
-122.18228,37.7978
-122.20173,37.73667
-122.273895,37.80754
-122.271194,37.803673
-122.27006,37.800175
-122.25745,37.84559
-122.26628,37.85143
-122.18984,37.793037
-122.19833,37.79276
-122.17788,37.73353
-122.27292,37.802868
-122.26556,37.84643
-122.14099,37.761677
-122.18861,37.747433
-122.21951,37.829563
-122.25663,37.809803
-122.290565,37.820755
-122.22741,37.830013
-122.2627,37.815014
-122.27929,37.811813
-122.29482,37.803677
-122.27401,37.801414
-122.24117,37.782944
-122.264694,37.808937
-122.25824,37.798744
-122.26428,37.83285
-122.21461,37.79671
-122.283714,37.829918
-122.248085,37.849487
-122.1545,37.771553
-122.3007,37.83813
-122.19143,37.767227
-122.20651,37.786102
-122.221176,37.785286
-122.24407,37.805557
-122.24733,37.794144
-122.23308,37.78144
-122.26711,37.842564
-122.24415,37.801975
-122.2508,37.80024
-122.19851,37.769596
-122.25314,37.801018
-122.27055,37.80471
-122.27016,37.828243
-122.247375,37.79533
-122.25077,37.81182
-122.26789,37.820496
-122.27911,37.79564
-122.22176,37.77799
-122.262924,37.839043
-122.16364,37.750122
-122.2505,37.800854
-122.25929,37.843052
-122.23518,37.78303
-122.26719,37.80584
-122.23599,37.78905
-122.273575,37.80403
-122.3004,37.80908
-122.26518,37.80273
-122.25548,37.81148
-122.2955,37.80989
-122.424164,37.791275
-122.25966,37.83343
-122.20716,37.79867
-122.20781,37.80972
-122.26759,37.805897
-122.28333,37.84288
-122.301056,37.806953
-122.2621,37.83927
-122.264565,37.84487
-122.22811,37.78487
-122.288284,37.82252
-122.24787,37.799686
-122.203064,37.795605
-122.26082,37.818783
-122.26152,37.845676
-122.18981,37.775272
-122.2061,37.79758
-122.295586,37.811127
-122.1926,37.77538
-122.206024,37.790447
-122.26298,37.83585
-122.403946,37.787136
-122.20882,37.77717
-122.26024,37.845367
-122.27741,37.805237
-122.25455,37.815456
-122.19418,37.778656
-122.2536,37.81501
-122.25382,37.835438
-122.23642,37.811554
-122.1653,37.77538
-122.28788,37.822983
-122.18817,37.72994
-122.247116,37.810944
-122.26204,37.803833
-122.21711,37.78329
-122.20654,37.797848
-122.42304,37.768116
-122.26428,37.803967
-122.20412,37.786892
-122.26744,37.811237
-122.16191,37.754536
-122.25762,37.79762
-122.25789,37.839798
-122.18736,37.832897
-122.278564,37.803593
-122.2803,37.80744
-122.19975,37.771484
-122.191734,37.785866
-122.255775,37.80781
-122.28569,37.834442
-122.252235,37.81029
-122.245575,37.81493
-122.16563,37.74728
-122.18046,37.776836
-122.27162,37.823246
-122.26287,37.803867
-122.2621,37.83927
-122.41308,37.76554
-122.24885,37.80383
-122.13884,37.74749
-122.1741,37.738724
-122.21956,37.81042
-122.2924,37.842342
-122.2485,37.820965
-122.262115,37.839165
-122.21142,37.788113
-122.25668,37.813206
-122.22206,37.826084
-122.26797,37.79406
-122.30039,37.81262
-122.29349,37.80512
-122.26533,37.82721
-122.14224,37.746796
-122.2534,37.809647
-122.25323,37.816517
-122.278564,37.803593
-122.195885,37.733566
-122.27693,37.815495
-122.21035,37.80414
-122.248955,37.826214
-122.27965,37.808773
-122.2749,37.805676
-122.15523,37.77301
-122.29738,37.804333
-122.257195,37.811523
-122.270424,37.798958
-122.271095,37.802647
-122.20293,37.761147
-122.26626,37.80152
-122.277,37.795666
-122.20716,37.79867
-122.49564,37.736855
-122.26789,37.820496
-122.18502,37.807453
-122.46594,37.733566
-122.18788,37.778393
-122.25432,37.81064
-122.19169,37.79641
-122.24429,37.844723
-122.15774,37.74406
-122.20581,37.741947
-122.28035,37.826305
-122.25984,37.817604
-122.19679,37.768627
-122.271904,37.80415
-122.23977,37.80241
-122.27275,37.819454
-122.25665,37.82259
-122.2093,37.778206
-122.25234,37.815105
-122.2803,37.80744
-122.258865,37.80944
-122.24123,37.807213
-122.21854,37.772167
-122.26626,37.80152
-122.25278,37.8273
-122.22039,37.798595
-122.25665,37.82259
-122.26573,37.802963
-122.247086,37.82238
-122.258,37.81239
-122.262115,37.839165
-122.25765,37.819256
-122.403946,37.787136
-122.20506,37.77933
-122.223694,37.793446
-122.2036,37.796673
-122.2803,37.80744
-122.2663,37.816956
-122.218834,37.788227
-122.23565,37.810867
-122.217224,37.80541
-122.198235,37.79542
-122.24508,37.816532
-122.256035,37.80864
-122.25088,37.800285
-122.263885,37.84143
-122.27907,37.814957
-122.201096,37.803585
-122.25581,37.81039
-122.237175,37.81238
-122.202385,37.78926
-122.2492,37.820198
-122.19242,37.77509
-122.27113,37.80659
-122.2621,37.839237
-122.265945,37.810966
-122.27146,37.809162
-122.2678,37.837765
-122.252304,37.801353
-122.24724,37.805157
-122.24539,37.816856
-122.253555,37.796284
-122.262405,37.851192
-122.223694,37.793446
-122.13242,37.747948
-122.271805,37.808125
-122.25966,37.83343
-122.28257,37.843456
-122.41267,37.77074
-122.27236,37.80454
-122.21067,37.841858
-122.22386,37.791584
-122.26632,37.826084
-122.257706,37.81211
-122.25361,37.798306
-122.241425,37.830162
-122.21749,37.7655
-122.276474,37.837337
-122.41736,37.769806
-122.25947,37.815178
-122.25088,37.800285
-122.267494,37.803806
-122.26744,37.811237
-122.25632,37.81231
-122.21665,37.769753
-122.21193,37.80412
-122.26147,37.8042
-122.21375,37.835297
-122.21696,37.782677
-122.262115,37.83913
-122.26497,37.818855
-122.18981,37.775272
-122.1869,37.73034
-122.28047,37.80987
-122.29967,37.80645
-122.271675,37.821896
-122.25218,37.814728
-122.26359,37.80297
-122.253456,37.816395
-122.278435,37.808594
-122.2582,37.810577
-122.25328,37.812965
-122.173164,37.7543
-122.20359,37.796707
-122.25328,37.812965
-122.19002,37.791145
-122.24053,37.785606
-122.18698,37.751198
-122.237816,37.806023
-122.26476,37.803356
-122.20596,37.78822
-122.25088,37.800285
-122.25156,37.813217
-122.19621,37.75583
-122.276276,37.813126
-122.19627,37.767956
-122.24995,37.817627
-122.25475,37.81735
-122.2776,37.81295
-122.19242,37.77509
-122.17167,37.76959
-122.21306,37.788105
-122.255646,37.7922
-122.21024,37.767056
-122.2832,37.803314
-122.48746,37.773685
-122.24539,37.816856
-122.26877,37.80354
-122.26564,37.806774
-122.22442,37.79447
-122.43025,37.72994
-122.257904,37.81817
-122.17519,37.80008
-122.189415,37.788902
-122.26421,37.824055
-122.26842,37.83439
-122.20749,37.797127
-122.214294,37.795204
-122.26626,37.80152
-122.429474,37.794987
-122.279015,37.834824
-122.25538,37.81499
-122.27211,37.8244
-122.23231,37.79219
-122.26008,37.848965
-122.26536,37.82633
-122.2654,37.816654
-122.22689,37.77442
-122.248566,37.826008
-122.19575,37.777027
-122.25457,37.815624
-122.24283,37.781796
-122.167915,37.757736
-122.154526,37.757854
-122.21278,37.76872
-122.15405,37.74536
-122.20333,37.74405
-122.251625,37.83394
-122.2016,37.7392
-122.271904,37.80415
-122.25738,37.84357
-122.2715,37.803013
-122.26831,37.80638
-122.25664,37.830994
-122.18106,37.762074
-122.14824,37.75568
-122.248436,37.79089
-122.29506,37.840797
-122.219215,37.80138
-122.41366,37.797024
-122.240135,37.803303
-122.43025,37.72994
-122.25577,37.794617
-122.221146,37.807827
-122.41544,37.796745
-122.205696,37.78636
-122.26208,37.827682
-122.2698,37.810394
-122.282936,37.816998
-122.18436,37.79179
-122.25958,37.813595
-122.276955,37.82962
-122.17102,37.732803
-122.281204,37.836945
-122.26784,37.8309
-122.27362,37.831593
-122.2676,37.820007
-122.2758,37.817295
-122.20281,37.800213
-122.19715,37.83017
-122.27039,37.806553
-122.2709,37.80624
-122.253555,37.796284
-122.18827,37.79302
-122.159615,37.751797
-122.247116,37.810944
-122.290245,37.80144
-122.27634,37.837585
-122.268364,37.803963
-122.23884,37.8136
-122.19079,37.77383
-122.175644,37.727898
-122.248505,37.807476
-122.2621,37.83927
-122.24741,37.80764
-122.39037,37.751373
-122.25632,37.81231
-122.262794,37.811325
-122.26882,37.829372
-122.25668,37.792854
-122.21279,37.79868
-122.25399,37.84689
-122.196976,37.78985
-122.21207,37.8409
-122.2654,37.807156
-122.244736,37.7999
-122.22105,37.795254
-122.20549,37.802715
-122.13611,37.766342
-122.27198,37.816795
-122.20246,37.80412
-122.24446,37.800934
-122.29781,37.812534
-122.25577,37.794617
-122.46809,37.719414
-122.21203,37.837727
-122.26271,37.82779
-122.2855,37.844025
-122.21194,37.79743
-122.19003,37.768276
-122.26831,37.80638
-122.20564,37.770966
-122.28537,37.79924
-122.25017,37.790478
-122.21086,37.793667
-122.24993,37.816784
-122.2185,37.782436
-122.243744,37.799347
-122.28136,37.817932
-122.2698,37.810394
-122.28015,37.810585
-122.16633,37.74226
-122.22428,37.794445
-122.27105,37.80576
-122.221176,37.762585
-122.2547,37.797413
-122.267746,37.813328
-122.21184,37.802475
-122.228264,37.78814
-122.292114,37.848034
-122.2728,37.80282
-122.25107,37.83755
-122.25459,37.813805
-122.28676,37.844204
-122.26816,37.799175
-122.14597,37.77448
-122.27013,37.79577
-122.26383,37.83143
-122.292114,37.848034
-122.23899,37.80248
-122.28017,37.81404
-122.25548,37.81148
-122.17913,37.7296
-122.25303,37.813618
-122.2621,37.83927
-122.23984,37.80313
-122.263885,37.84143
-122.21785,37.804764
-122.27936,37.80706
-122.18949,37.729053
-122.27039,37.806553
-122.400604,37.790333
-122.262375,37.837414
-122.22909,37.784027
-122.15391,37.757877
-122.20848,37.779728
-122.26526,37.830387
-122.26626,37.80152
-122.203285,37.744125
-122.29689,37.807243
-122.2803,37.80744
-122.244865,37.79343
-122.209885,37.80614
-122.25261,37.825855
-122.27049,37.80348
-122.231705,37.78784
-122.23899,37.80248
-122.24432,37.81484
-122.247116,37.810944
-122.2391,37.798
-122.27389,37.81347
-122.28223,37.821526
-122.24953,37.82678
-122.250786,37.818943
-122.20168,37.730385
-122.26605,37.80686
-122.29125,37.84361
-122.257904,37.81817
-122.25979,37.833218
-122.283165,37.798264
-122.17679,37.74616
-122.227745,37.78933
-122.26522,37.80483
-122.26626,37.80152
-122.27013,37.79577
-122.180695,37.749844
-122.26518,37.80273
-122.20168,37.730385
-122.179886,37.804188
-122.28991,37.805405
-122.25682,37.82802
-122.185234,37.770576
-122.19089,37.794052
-122.2019,37.798424
-122.24712,37.818092
-122.27362,37.804684
-122.25803,37.81156
-122.25662,37.846428
-122.283875,37.829697
-122.25164,37.80253
-122.23767,37.80211
-122.211,37.808887
-122.25659,37.81358
-122.25161,37.821533
-122.20746,37.804466
-122.181496,37.761906
-122.23707,37.77615
-122.17077,37.759094
-122.252914,37.812366
-122.25319,37.842594
-122.2713,37.83047
-122.26147,37.8042
-122.41366,37.797024
-122.251495,37.81182
-122.279976,37.83569
-122.24132,37.800285
-122.29481,37.809483
-122.253746,37.811672
-122.26558,37.80451
-122.15556,37.75179
-122.245705,37.818756
-122.25222,37.819214
-122.237206,37.79487
-122.2091,37.788097
-122.231476,37.787174
-122.262924,37.839043
-122.19347,37.794212
-122.29838,37.805065
-122.16383,37.749023
-122.25287,37.814884
-122.20846,37.800488
-122.2567,37.81164
-122.18097,37.73806
-122.17566,37.754795
-122.286896,37.818867
-122.238914,37.841953
-122.25283,37.84461
-122.18021,37.74916
-122.27113,37.80659
-122.2689,37.84533
-122.2309,37.800217
-122.22118,37.805798
-122.23388,37.772884
-122.26813,37.80666
-122.2743,37.81511
-122.271774,37.833763
-122.27484,37.8085
-122.27083,37.806374
-122.2009,37.794254
-122.27848,37.839645
-122.20011,37.73614
-122.26598,37.841625
-122.131226,37.734913
-122.27151,37.81858
-122.25197,37.801716
-122.24025,37.79786
-122.223595,37.772945
-122.268295,37.844383
-122.26138,37.812656
-122.276855,37.804886
-122.23601,37.811207
-122.23098,37.843884
-122.19325,37.828846
-122.28815,37.84765
-122.25576,37.816715
-122.22411,37.780125
-122.27006,37.81095
-122.17566,37.754795
-122.25259,37.81666
-122.191795,37.743637
-122.25428,37.82243
-122.26956,37.844124
-122.30508,37.83803
-122.41902,37.796383
-122.1686,37.73972
-122.2009,37.794254
-122.23237,37.791363
-122.26756,37.81228
-122.27422,37.800957
-122.249054,37.787357
-122.25083,37.818172
-122.28229,37.800274
-122.15824,37.7526
-122.20007,37.79125
-122.194595,37.744385
-122.19819,37.734917
-122.256966,37.79966
-122.256355,37.794422
-122.19212,37.83045
-122.26175,37.789448
-122.26738,37.79912
-122.2009,37.794254
-122.283264,37.815964
-122.21853,37.786533
-122.255905,37.791935
-122.21159,37.793594
-122.24123,37.807213
-122.2643,37.802532
-122.20715,37.843025
-122.25207,37.801975
-122.25565,37.808655
-122.1733,37.76247
-122.26282,37.801884
-122.20669,37.796024
-122.20168,37.730385
-122.173035,37.779755
-122.21809,37.78034
-122.18712,37.762936
-122.261154,37.848145
-122.163025,37.763977
-122.25911,37.829796
-122.2266,37.835907
-122.23434,37.798683
-122.244415,37.85184
-122.268814,37.835304
-122.29688,37.845634
-122.29154,37.839573
-122.186195,37.78843
-122.2293,37.80277
-122.2445,37.851376
-122.255905,37.811737
-122.242134,37.84702
-122.25323,37.816517
-122.2009,37.794254
-122.25167,37.846344
-122.2009,37.794254
-122.273575,37.80403
-122.15074,37.74528
-122.42309,37.768112
-122.247635,37.795326
-122.254944,37.814194
-122.18217,37.76794
-122.24906,37.813763
-122.29781,37.812534
-122.28628,37.81372
-122.20972,37.845203
-122.224174,37.812878
-122.20376,37.739624
-122.27848,37.839645
-122.2758,37.80126
-122.247894,37.848022
-122.18113,37.774582
-122.24998,37.82624
-122.23263,37.78836
-122.20342,37.746925
-122.27113,37.80659
-122.155235,37.76962
-122.26876,37.80565
-122.26939,37.79462
-122.23587,37.790855
-122.26904,37.848354
-122.1596,37.75903
-122.205444,37.791607
-122.12901,37.750004
-122.23375,37.805794
-122.26744,37.811237
-122.21631,37.78127
-122.28844,37.822147
-122.195755,37.781292
-122.22757,37.796886
-122.18765,37.766815
-122.203064,37.795605
-122.20089,37.743034
-122.21985,37.762848
-122.26802,37.806248
-122.20033,37.808765
-122.27658,37.797306
-122.18087,37.76389
-122.18646,37.737682
-122.291275,37.81856
-122.25815,37.8287
-122.27848,37.839645
-122.22961,37.795303
-122.267555,37.810802
-122.253746,37.822727
-122.20557,37.786427
-122.254944,37.814194
-122.26467,37.809288
-122.163025,37.763977
-122.2758,37.817295
-122.21779,37.858315
-122.20333,37.74405
-122.19505,37.75281
-122.23358,37.81136
-122.25644,37.79588
-122.29781,37.812534
-122.2009,37.794254
-122.296974,37.80613
-122.24516,37.79436
-122.19881,37.79556
-122.26825,37.841026
-122.23074,37.77267
-122.252945,37.850468
-122.23773,37.82088
-122.247025,37.791508
-122.167,37.752174
-122.28096,37.812176
-122.19839,37.73572
-122.20598,37.791656
-122.170105,37.73704
-122.2703,37.804256
-122.13248,37.736458
-122.43338,37.794434
-122.222435,37.80954
-122.23332,37.85382
-122.23152,37.77153
-122.23837,37.816856
-122.20745,37.805
-122.25515,37.81709
-122.290436,37.81312
-122.24237,37.80965
-122.1887,37.7525
-122.205444,37.791607
-122.14801,37.74528
-122.19629,37.793545
-122.19975,37.742336
-122.25602,37.811398
-122.20254,37.73893
-122.27065,37.82422
-122.276855,37.804886
-122.149994,37.756805
-122.20886,37.826862
-122.26428,37.803967
-122.22959,37.793774
-122.259125,37.81786
-122.25754,37.826294
-122.26714,37.820446
-122.19351,37.777756
-122.24792,37.8305
-122.186844,37.763187
-122.27748,37.805126
-122.27384,37.83864
-122.259544,37.814472
-122.167534,37.775517
-122.21323,37.798
-122.29063,37.829845
-122.252556,37.800713
-122.20825,37.798534
-122.2743,37.81511
-122.24811,37.797756
-122.270805,37.8039
-122.200874,37.7386
-122.19957,37.843254
-122.17771,37.777824
-122.286514,37.799213
-122.2669,37.818752
-122.2219,37.78571
-122.25462,37.822975
-122.240906,37.805
-122.21341,37.78801
-122.25801,37.841873
-122.19972,37.73607
-122.29657,37.81388
-122.25086,37.800983
-122.180885,37.76876
-122.248604,37.825226
-122.207664,37.779312
-122.26961,37.798294
-122.25966,37.83343
-122.27918,37.812214
-122.250145,37.8214
-122.20551,37.75511
-122.26615,37.812466
-122.217316,37.77655
-122.202736,37.78661
-122.26526,37.830387
-122.2732,37.83611
-122.18894,37.79561
-122.21665,37.769753
-122.20848,37.789833
-122.2539,37.80114
-122.28622,37.80844
-122.26756,37.81228
-122.259346,37.82698
-122.24482,37.791637
-122.2124,37.778126
-122.211296,37.801437
-122.220116,37.834038
-122.23968,37.781788
-122.266945,37.84993
-122.24468,37.799133
-122.19909,37.762924
-122.2516,37.79503
-122.25591,37.8289
-122.259346,37.817394
-122.214714,37.793365
-122.166855,37.776485
-122.12836,37.76145
-122.29657,37.81388
-122.23682,37.798412
-122.221176,37.762585
-122.18876,37.772934
-122.15501,37.757034
-122.25158,37.83756
-122.277374,37.83817
-122.26101,37.818897
-122.24482,37.791637
-122.23911,37.815594
-122.19847,37.78657
-122.267235,37.849556
-122.27209,37.81129
-122.23091,37.77127
-122.24878,37.80246
-122.232765,37.77255
-122.27083,37.842888
-122.251915,37.83668
-122.17607,37.77196
-122.167755,37.775562
-122.18698,37.751198
-122.268364,37.820618
-122.21665,37.769753
-122.28247,37.812305
-122.190956,37.783417
-122.26147,37.8042
-122.25966,37.83343
-122.25609,37.797096
-122.26359,37.80297
-122.2045,37.79678
-122.232765,37.77255
-122.17793,37.748493
-122.2515,37.791653
-122.253174,37.8511
-122.25182,37.84268
-122.25164,37.840714
-122.21982,37.804314
-122.25626,37.80924
-122.266624,37.815407
-122.18583,37.770973
-122.22787,37.77728
-122.209595,37.799374
-122.21057,37.78253
-122.19655,37.79438
-122.24051,37.798298
-122.288345,37.801785
-122.27055,37.80471
-122.254814,37.81156
-122.22026,37.765324
-122.18718,37.83194
-122.25505,37.83607
-122.27181,37.809364
-122.268295,37.802914
-122.26129,37.828938
-122.27986,37.812744
-122.250694,37.82233
-122.20887,37.792866
-122.259445,37.81018
-122.26017,37.852417
-122.26197,37.830574
-122.24339,37.809994
-122.26876,37.80565
-122.23179,37.840553
-122.16914,37.75778
-122.27893,37.798363
-122.23882,37.818333
-122.216576,37.76956
-122.1836,37.790146
-122.26383,37.83143
-122.23516,37.77213
-122.23303,37.82588
-122.2173,37.77523
-122.223915,37.80842
-122.24078,37.788364
-122.213165,37.80124
-122.2749,37.805676
-122.267586,37.806942
-122.29652,37.803
-122.250404,37.80462
-122.27081,37.833893
-122.190575,37.75137
-122.45415,37.72258
-122.24447,37.831146
-122.20077,37.78138
-122.256325,37.829273
-122.249405,37.799473
-122.2651,37.8244
-122.28878,37.821686
-122.26282,37.839687
-122.14597,37.77448
-122.429474,37.794987
-122.2276,37.80243
-122.12545,37.75331
-122.25865,37.819046
-122.24995,37.82836
-122.264145,37.850746
-122.24392,37.81144
-122.22393,37.808437
-122.161865,37.765327
-122.25134,37.7881
-122.27428,37.795525
-122.2088,37.80725
-122.166855,37.776485
-122.18279,37.802822
-122.250565,37.798676
-122.25848,37.81104
-122.221954,37.802788
-122.241646,37.791798
-122.217224,37.79603
-122.19769,37.753
-122.2873,37.7997
-122.19608,37.794712
-122.14492,37.759914
-122.19549,37.8193
-122.27362,37.804684
-122.27653,37.794373
-122.22176,37.77799
-122.19326,37.786037
-122.25162,37.838764
-122.2573,37.813335
-122.30341,37.807804
-122.26299,37.839703
-122.23121,37.77277
-122.22006,37.790646
-122.263626,37.83546
-122.2723,37.819122
-122.261665,37.829
-122.23232,37.781567
-122.29494,37.811165
-122.19424,37.810085
-122.253555,37.80849
-122.27815,37.840187
-122.24376,37.81466
-122.26558,37.80451
-122.24325,37.801765
-122.27992,37.825172
-122.217514,37.79603
-122.18323,37.788006
-122.27599,37.83881
-122.199646,37.83913
-122.24051,37.79169
-122.165764,37.782978
-122.21034,37.826237
-122.25984,37.81518
-122.16807,37.746452
-122.19787,37.745426
-122.196686,37.748535
-122.15273,37.7553
-122.267525,37.81429
-122.424164,37.791275
-122.27421,37.80742
-122.27604,37.83644
-122.38882,37.7605
-122.25084,37.833393
-122.166695,37.776745
-122.27145,37.819294
-122.25472,37.824734
-122.27307,37.80508
-122.22075,37.796703
-122.267426,37.850758
-122.24197,37.79814
-122.272156,37.79672
-122.16217,37.767197
-122.249054,37.81631
-122.227585,37.83782
-122.224365,37.8047
-122.16091,37.74828
-122.27992,37.825172
-122.228714,37.793
-122.20192,37.75628
-122.25848,37.81104
-122.221504,37.83197
-122.156624,37.792847
-122.200874,37.7386
-122.2669,37.818752
-122.24147,37.798973
-122.19436,37.73607
-122.248436,37.84182
-122.18958,37.78066
-122.13729,37.76582
-122.256836,37.81074
-122.18228,37.7978
-122.20528,37.74217
-122.272095,37.801617
-122.23152,37.787575
-122.258675,37.82841
-122.18228,37.7978
-122.25668,37.792854
-122.22802,37.787624
-122.24971,37.823536
-122.1661,37.747837
-122.40551,37.7903
-122.277,37.795666
-122.20674,37.80882
-122.21781,37.809715
-122.20402,37.840336
-122.25084,37.833393
-122.230354,37.772038
-122.43345,37.765877
-122.25611,37.851692
-122.21105,37.785473
-122.27042,37.79487
-122.21034,37.826237
-122.21194,37.79743
-122.267334,37.833824
-122.1481,37.74125
-122.25513,37.837925
-122.272156,37.79672
-122.22762,37.80905
-122.15158,37.771896
-122.253555,37.80849
-122.2485,37.820965
-122.188614,37.756763
-122.20431,37.762306
-122.26281,37.82965
-122.25399,37.851288
-122.207664,37.779312
-122.21153,37.788048
-122.21033,37.7805
-122.24912,37.81828
-122.19174,37.789314
-122.19076,37.79688
-122.17086,37.74983
-122.24086,37.77956
-122.25225,37.829285
-122.400604,37.790333
-122.27146,37.809162
-122.26945,37.837727
-122.21212,37.796135
-122.27362,37.804684
-122.271904,37.80415
-122.26626,37.795746
-122.256454,37.81006
-122.23321,37.78504
-122.27105,37.80576
-122.20859,37.806812
-122.46902,37.7562
-122.224014,37.780537
-122.29781,37.80321
-122.21673,37.807003
-122.14556,37.775436
-122.26231,37.83527
-122.272156,37.79672
-122.25212,37.826557
-122.23056,37.796993
-122.2803,37.80744
-122.26564,37.806774
-122.25286,37.826965
-122.179344,37.7442
-122.21474,37.762283
-122.201454,37.74568
-122.16244,37.74202
-122.21473,37.78574
-122.1516,37.771908
-122.14016,37.766907
-122.26738,37.79912
-122.25851,37.814316
-122.22061,37.762924
-122.272156,37.79672
-122.27448,37.817665
-122.2552,37.810394
-122.221634,37.832863
-122.23353,37.78822
-122.27421,37.80742
-122.2873,37.7997
-122.16508,37.765137
-122.204155,37.74007
-122.49325,37.779495
-122.25665,37.82259
-122.23005,37.784306
-122.18246,37.729618
-122.19447,37.827297
-122.25526,37.80894
-122.24736,37.794353
-122.22947,37.799877
-122.20111,37.763706
-122.20697,37.79165
-122.26882,37.807484
-122.250565,37.798676
-122.176125,37.74196
-122.21034,37.826237
-122.15931,37.74579
-122.27006,37.81095
-122.206856,37.77798
-122.21576,37.790936
-122.205986,37.78913
-122.26562,37.80311
-122.26831,37.80638
-122.19683,37.757145
-122.205124,37.792477
-122.226616,37.83875
-122.26882,37.807484
-122.25644,37.79588
-122.255486,37.811596
-122.42068,37.79421
-122.185295,37.755753
-122.20108,37.78778
-122.243576,37.799362
-122.2284,37.784286
-122.171036,37.800053
-122.20612,37.79183
-122.228455,37.799255
-122.46594,37.733566
-122.20991,37.786186
-122.25162,37.842896
-122.40884,37.769672
-122.20472,37.778137
-122.27661,37.811115
-122.16075,37.737686
-122.23138,37.844086
-122.208595,37.771114
-122.2344,37.78866
-122.29928,37.81404
-122.23076,37.79007
-122.30296,37.80775
-122.257324,37.809727
-122.27511,37.84471
-122.21985,37.762848
-122.247536,37.796597
-122.25799,37.814598
-122.20848,37.779728
-122.21664,37.76602
-122.18844,37.76847
-122.19646,37.7883
-122.242294,37.7889
-122.27169,37.819004
-122.265686,37.798355
-122.25015,37.8191
-122.233864,37.79165
-122.26651,37.810966
-122.27169,37.819004
-122.20551,37.75511
-122.192154,37.73095
-122.203384,37.783443
-122.27018,37.80638
-122.16595,37.752617
-122.21972,37.804634
-122.26797,37.844944
-122.18259,37.750057
-122.28402,37.842796
-122.263725,37.827877
-122.264694,37.84397
-122.21809,37.78034
-122.20277,37.79028
-122.25644,37.79851
-122.215096,37.80032
-122.26522,37.80483
-122.24317,37.79073
-122.24393,37.818493
-122.272446,37.821903
-122.20854,37.7775
-122.212135,37.776302
-122.267586,37.806942
-122.21876,37.776806
-122.26458,37.813404
-122.19725,37.772884
-122.287224,37.806347
-122.25097,37.79744
-122.16807,37.76874
-122.19187,37.835953
-122.24906,37.813763
-122.20654,37.779346
-122.24984,37.817047
-122.221085,37.7847
-122.20268,37.80667
-122.23885,37.797592
-122.20009,37.785107
-122.22504,37.777664
-122.17443,37.74834
-122.20076,37.783882
-122.21142,37.803436
-122.26872,37.83926
-122.42068,37.79421
-122.19129,37.766766
-122.28914,37.805206
-122.24931,37.804413
-122.244804,37.817184
-122.27396,37.79455
-122.19833,37.79276
-122.25675,37.7914
-122.26327,37.802116
-122.245255,37.796165
-122.245255,37.796165
-122.19328,37.78802
-122.23176,37.794643
-122.21662,37.782513
-122.215706,37.770863
-122.25153,37.791122
-122.25229,37.809834
-122.305145,37.8238
-122.25153,37.791122
-122.15747,37.741474
-122.18374,37.729427
-122.182236,37.78875
-122.19988,37.777454
-122.199524,37.79429
-122.400604,37.790333
-122.29577,37.81145
-122.27113,37.80659
-122.2757,37.822205
-122.212135,37.803444
-122.26951,37.84463
-122.2284,37.784286
-122.18929,37.766644
-122.24286,37.813953
-122.20296,37.78672
-122.206955,37.779137
-122.29698,37.803814
-122.236275,37.797115
-122.2374,37.79488
-122.215836,37.80102
-122.26557,37.812714
-122.17003,37.743824
-122.25158,37.800957
-122.27214,37.83528
-122.22478,37.785892
-122.26576,37.801243
-122.25786,37.82911
-122.24286,37.813953
-122.19646,37.7883
-122.24083,37.793564
-122.20053,37.735744
-122.198235,37.79542
-122.25188,37.812656
-122.265045,37.80142
-122.24917,37.794106
-122.249756,37.81425
-122.20254,37.79707
-122.25212,37.826557
-122.28215,37.8385
-122.21665,37.769753
-122.244865,37.79343
-122.217316,37.77655
-122.16091,37.74828
-122.30138,37.809734
-122.25526,37.80894
-122.23624,37.783676
-122.206856,37.77798
-122.2654,37.803444
-122.28521,37.806103
-122.27161,37.80855
-122.27396,37.79455
-122.26882,37.807484
-122.20947,37.792767
-122.215866,37.7919
-122.26756,37.81228
-122.22933,37.791653
-122.21897,37.794193
-122.2331,37.803207
-122.28136,37.811764
-122.24612,37.808002
-122.25237,37.815563
-122.20884,37.782513
-122.24455,37.799786
-122.21071,37.76802
-122.16349,37.75494
-122.25242,37.808983
-122.1924,37.754467
-122.21142,37.792698
-122.211494,37.77641
-122.27042,37.79487
-122.26872,37.83926
-122.18248,37.764717
-122.27793,37.81734
-122.28919,37.805218
-122.272125,37.836994
-122.25954,37.84085
-122.26651,37.810966
-122.21679,37.780235
-122.175514,37.773518
-122.20021,37.8435
-122.25374,37.820644
-122.20353,37.80308
-122.23005,37.784306
-122.244865,37.79343
-122.20596,37.78822
-122.254555,37.816372
-122.18228,37.7978
-122.26359,37.80297
-122.30024,37.81281
-122.28003,37.82519
-122.21974,37.77123
-122.26224,37.802628
-122.19988,37.777454
-122.288765,37.807243
-122.27692,37.847374
-122.21745,37.787903
-122.2442,37.796803
-122.18125,37.761253
-122.21058,37.79781
-122.26403,37.80996
-122.245255,37.796165
-122.22209,37.79461
-122.2349,37.800995
-122.24012,37.787308
-122.19646,37.7883
-122.1425,37.7846
-122.154236,37.747963
-122.26188,37.803753
-122.23988,37.842075
-122.277405,37.814476
-122.25583,37.81482
-122.13981,37.783348
-122.251434,37.801945
-122.25153,37.791122
-122.27331,37.815617
-122.26104,37.83942
-122.22825,37.78214
-122.27161,37.80855
-122.49712,37.77262
-122.24737,37.810726
-122.21665,37.769753
-122.27105,37.80576
-122.18595,37.77298
-122.25402,37.79269
-122.22478,37.778915
-122.13753,37.77507
-122.28507,37.843536
-122.25361,37.798306
-122.25901,37.81576
-122.1836,37.790146
-122.25675,37.7914
-122.23467,37.84645
-122.22376,37.773506
-122.25212,37.826557
-122.283165,37.798264
-122.17121,37.769936
-122.27331,37.815617
-122.20692,37.785866
-122.23624,37.78352
-122.20818,37.772762
-122.18347,37.76294
-122.2648,37.80439
-122.21744,37.783607
-122.26726,37.83934
-122.166794,37.78352
-122.25287,37.814884
-122.18673,37.771236
-122.203476,37.802006
-122.229004,37.780094
-122.24737,37.810726
-122.20034,37.785744
-122.26872,37.83926
-122.2195,37.77256
-122.2558,37.79276
-122.25611,37.851692
-122.27395,37.84551
-122.25478,37.79845
-122.25785,37.829117
-122.20178,37.77666
-122.258736,37.813118
-122.20237,37.76106
-122.207,37.77135
-122.19988,37.777454
-122.248055,37.806255
-122.20646,37.79774
-122.18699,37.76636
-122.25212,37.826557
-122.19777,37.80244
-122.247536,37.796597
-122.206856,37.77798
-122.18327,37.808662
-122.26411,37.818665
-122.28752,37.80585
-122.24719,37.78903
-122.26403,37.80996
-122.265205,37.8432
-122.262924,37.839043
-122.20859,37.842484
-122.28889,37.807487
-122.26872,37.83926
-122.26651,37.810966
-122.26476,37.803356
-122.19326,37.786037
-122.17289,37.72884
-122.25432,37.81064
-122.20984,37.78139
-122.17894,37.7463
-122.25665,37.82259
-122.25799,37.814598
-122.222664,37.780838
-122.23059,37.78778
-122.21743,37.77572
-122.24447,37.831146
-122.23789,37.780712
-122.18547,37.76207
-122.167336,37.746044
-122.23005,37.784306
-122.24514,37.79626
-122.21664,37.76602
-122.19222,37.764
-122.28186,37.818745
-122.19988,37.777454
-122.25285,37.79868
-122.178314,37.760662
-122.24706,37.79236
-122.18208,37.76047
-122.24053,37.802227
-122.14592,37.756516
-122.1695,37.76809
-122.25459,37.79518
-122.28408,37.842995
-122.27258,37.79587
-122.24621,37.811275
-122.21781,37.79704
-122.29543,37.811333
-122.19007,37.7797
-122.19708,37.777546
-122.203705,37.73955
-122.25748,37.82816
-122.22871,37.80604
-122.26996,37.8141
-122.27521,37.802246
-122.24455,37.799786
-122.23193,37.796783
-122.23549,37.789238
-122.19352,37.77142
-122.293625,37.810722
-122.269394,37.806705
-122.197266,37.800312
-122.23272,37.773193
-122.26718,37.81472
-122.251396,37.821598
-122.26798,37.790897
-122.214294,37.795204
-122.25212,37.826557
-122.24738,37.805748
-122.19973,37.814625
-122.19367,37.7553
-122.229515,37.804966
-122.244865,37.79343
-122.248085,37.849487
-122.276306,37.816433
-122.25042,37.798447
-122.25197,37.801716
-122.19622,37.7649
-122.27237,37.83752
-122.176254,37.794994
-122.25022,37.809296
-122.19031,37.79048
-122.26615,37.812466
-122.2728,37.80282
-122.25507,37.81235
-122.27326,37.8214
-122.24043,37.80072
-122.26613,37.799225
-122.273766,37.800774
-122.27478,37.829067
-122.203384,37.783443
-122.21157,37.802055
-122.21764,37.7755
-122.19798,37.772358
-122.215836,37.80102
-122.295296,37.808468
-122.23137,37.79686
-122.21034,37.826237
-122.23549,37.789238
-122.19091,37.73151
-122.218025,37.809975
-122.26147,37.8042
-122.203705,37.73955
-122.158134,37.755085
-122.25507,37.81235
-122.20659,37.77886
-122.206375,37.789356
-122.2219,37.78571
-122.26476,37.803356
-122.22151,37.76724
-122.25694,37.842197
-122.20627,37.757984
-122.27146,37.809162
-122.1545,37.771553
-122.29967,37.80645
-122.246506,37.797916
-122.17194,37.767166
-122.21029,37.776142
-122.28142,37.813206
-122.2721,37.827225
-122.20379,37.77819
-122.302086,37.809494
-122.25674,37.843513
-122.21865,37.78962
-122.28003,37.82519
-122.21936,37.76507
-122.21665,37.769753
-122.2749,37.805676
-122.21617,37.789345
-122.23137,37.79686
-122.22665,37.79264
-122.28168,37.82557
-122.19017,37.798683
-122.26805,37.808693
-122.249374,37.802444
-122.20716,37.782806
-122.25326,37.827435
-122.24901,37.82345
-122.27105,37.80576
-122.417305,37.796574
-122.13929,37.748363
-122.220116,37.834038
-122.26467,37.809288
-122.170845,37.74299
-122.25127,37.80383
-122.16022,37.74462
-122.19352,37.77142
-122.196236,37.789677
-122.18315,37.752743
-122.25674,37.843513
-122.24132,37.800285
-122.26768,37.818897
-122.17495,37.771854
-122.27594,37.83242
-122.23712,37.78323
-122.275406,37.828995
-122.2763,37.818
-122.26455,37.799576
-122.27362,37.804684
-122.25336,37.814335
-122.17652,37.748657
-122.15502,37.791073
-122.247314,37.811855
-122.244865,37.79343
-122.217575,37.79591
-122.27181,37.809364
-122.276726,37.812798
-122.1718,37.740967
-122.2556,37.85018
-122.244865,37.79343
-122.26831,37.80638
-122.28441,37.84292
-122.19901,37.792095
-122.14207,37.75793
-122.22462,37.784863
-122.262245,37.812763
-122.19017,37.798683
-122.276726,37.80592
-122.289024,37.803078
-122.24834,37.797325
-122.26359,37.80297
-122.26564,37.806774
-122.23557,37.803192
-122.24793,37.81977
-122.27069,37.79412
-122.248085,37.849487
-122.18583,37.770973
-122.20421,37.840378
-122.27551,37.82913
-122.20846,37.800488
-122.24998,37.82624
-122.295296,37.808468
-122.21388,37.778572
-122.25507,37.81235
-122.248215,37.79123
-122.26518,37.80273
-122.18975,37.79794
-122.22262,37.793156
-122.2896,37.806274
-122.26805,37.808693
-122.19906,37.772026
-122.15089,37.743618
-122.14627,37.760498
-122.17355,37.778557
-122.27014,37.83071
-122.16659,37.74322
-122.17358,37.76564
-122.21393,37.7857
-122.25824,37.817932
-122.206375,37.789356
-122.23496,37.774246
-122.25036,37.817673
-122.25699,37.850273
-122.24601,37.79178
-122.28121,37.799416
-122.20495,37.743694
-122.20424,37.805885
-122.27723,37.83097
-122.20089,37.743034
-122.27541,37.80286
-122.2743,37.81511
-122.19566,37.755665
-122.28486,37.800556
-122.29147,37.81837
-122.276474,37.837337
-122.24228,37.783924
-122.266014,37.8103
-122.26806,37.808685
-122.25139,37.821056
-122.22001,37.788273
-122.17358,37.76564
-122.25036,37.817673
-122.21415,37.769726
-122.20342,37.746925
-122.50502,37.763256
-122.20089,37.743034
-122.218956,37.763527
-122.28094,37.81537
-122.2705,37.799816
-122.2239,37.768074
-122.27657,37.845375
-122.20622,37.758965
-122.2811,37.84576
-122.25292,37.837788
-122.291435,37.839424
-122.224724,37.836643
-122.272934,37.80473
-122.40551,37.7903
-122.200874,37.7386
-122.22737,37.771954
-122.26411,37.818665
-122.290436,37.81312
-122.287964,37.847427
-122.25779,37.814674
-122.26233,37.83691
-122.17763,37.73519
-122.2743,37.81511
-122.27363,37.830215
-122.19917,37.754303
-122.27023,37.79546
-122.28308,37.800705
-122.22935,37.78687
-122.27065,37.804394
-122.28854,37.81244
-122.27722,37.828236
-122.28683,37.800438
-122.2456,37.81237
-122.27066,37.79458
-122.432434,37.79013
-122.268135,37.83001
-122.20049,37.77564
-122.221306,37.762623
-122.23248,37.77374
-122.26447,37.81351
-122.25529,37.79304
-122.21484,37.787807
-122.23289,37.810818
-122.25898,37.817596
-122.27292,37.802868
-122.27464,37.803875
-122.20147,37.79531
-122.17763,37.73519
-122.26564,37.806774
-122.228714,37.793
-122.12977,37.751026
-122.25779,37.814674
-122.196686,37.748535
-122.17696,37.738586
-122.17763,37.73519
-122.28515,37.813225
-122.27464,37.803875
-122.184746,37.77537
-122.290436,37.81312
-122.26823,37.812714
-122.221756,37.788162
-122.269325,37.82971
-122.17763,37.73519
-122.237495,37.78148
-122.24268,37.8016
-122.17523,37.737885
-122.25548,37.799644
-122.251526,37.84141
-122.24265,37.780605
-122.22776,37.775978
-122.273575,37.80403
-122.2589,37.83818
-122.271904,37.80415
-122.28623,37.82631
-122.19307,37.793316
-122.17015,37.782085
-122.206154,37.767597
-122.21607,37.79576
-122.246765,37.797768
-122.22554,37.78401
-122.26898,37.792797
-122.202644,37.738155
-122.201935,37.799942
-122.26658,37.851128
-122.29042,37.820892
-122.2096,37.78817
-122.28744,37.8404
-122.2753,37.80373
-122.193405,37.745193
-122.20299,37.80348
-122.17763,37.73519
-122.17081,37.776726
-122.24984,37.817047
-122.22083,37.762276
-122.18781,37.742165
-122.28335,37.839622
-122.22755,37.81387
-122.2088,37.756977
-122.1898,37.781666
-122.22278,37.78302
-122.285164,37.817883
-122.42545,37.79545
-122.20568,37.741257
-122.26098,37.829056
-122.2126,37.805523
-122.27105,37.80576
-122.245346,37.815662
-122.28308,37.800705
-122.233665,37.77799
-122.27055,37.80471
-122.2126,37.805523
-122.20995,37.797997
-122.25542,37.792305
-122.28485,37.800507
-122.28147,37.814716
-122.197815,37.74402
-122.19976,37.742348
-122.219215,37.773182
-122.235504,37.77738
-122.27145,37.806103
-122.23685,37.779865
-122.20173,37.73667
-122.282715,37.841923
-122.197235,37.748455
-122.26116,37.8348
-122.18829,37.772285
-122.27292,37.804737
-122.26156,37.819187
-122.202644,37.74203
-122.203064,37.795605
-122.18664,37.70652
-122.21004,37.778973
-122.21469,37.793156
-122.21276,37.810028
-122.201836,37.796593
-122.27055,37.80471
-122.26744,37.811237
-122.178795,37.776516
-122.28674,37.814156
-122.26588,37.802315
-122.2126,37.805523
-122.27055,37.80471
-122.20048,37.73593
-122.287025,37.811024
-122.201256,37.735935
-122.2088,37.756977
-122.1887,37.7525
-122.27292,37.804737
-122.18294,37.763973
-122.19568,37.76928
-122.20639,37.789352
-122.232765,37.77255
-122.21246,37.791916
-122.24548,37.815193
-122.2527,37.790867
-122.201836,37.796593
-122.2743,37.83561
-122.262794,37.811325
-122.23773,37.79546
-122.24657,37.800533
-122.277435,37.80277
-122.28537,37.844135
-122.289986,37.822178
-122.24984,37.817047
-122.301125,37.809963
-122.28569,37.81617
-122.25322,37.83135
-122.175735,37.77819
-122.27032,37.791054
-122.18951,37.78791
-122.22323,37.76663
-122.20568,37.741257
-122.2126,37.805523
-122.24491,37.812557
-122.20217,37.73698
-122.16126,37.739773
-122.19917,37.754303
-122.265816,37.80772
-122.26851,37.81577
-122.20758,37.787674
-122.19892,37.793484
-122.22177,37.809994
-122.26805,37.808693
-122.2867,37.812958
-122.24432,37.78952
-122.27599,37.83881
-122.27055,37.80471
-122.25593,37.82889
-122.25199,37.84356
-122.27379,37.843655
-122.275894,37.800262
-122.29145,37.815323
-122.243675,37.802116
-122.20333,37.74405
-122.20213,37.80987
-122.19917,37.754303
-122.27211,37.801624
-122.177925,37.75872
-122.25997,37.838406
-122.2728,37.80282
-122.281715,37.81294
-122.20758,37.787674
-122.29131,37.844666
-122.267624,37.798916
-122.26805,37.808693
-122.267586,37.806942
-122.27599,37.83881
-122.29074,37.809364
-122.20333,37.74405
-122.258965,37.82776
-122.21034,37.826237
-122.28178,37.79898
-122.19633,37.77375
-122.1712,37.73333
-122.25351,37.796513
-122.29388,37.84096
-122.253555,37.80849
-122.28688,37.847805
-122.252686,37.80279
-122.20335,37.744102
-122.265976,37.814518
-122.28955,37.821476
-122.24085,37.77942
-122.15881,37.755516
-122.248344,37.8134
-122.1611,37.769306
-122.229065,37.78928
-122.26805,37.808693
-122.47603,37.778152
-122.28647,37.809673
-122.25865,37.816147
-122.231636,37.78107
-122.25351,37.796513
-122.267586,37.806942
-122.26442,37.836624
-122.26766,37.793266
-122.23679,37.805134
-122.23882,37.80353
-122.254005,37.792427
-122.27105,37.80576
-122.23196,37.80644
-122.173134,37.777275
-122.29085,37.822308
-122.271194,37.803673
-122.24024,37.78134
-122.25274,37.827496
-122.21725,37.79471
-122.40551,37.7903
-122.21034,37.826237
-122.40516,37.788532
-122.24755,37.80803
-122.400604,37.790333
-122.235825,37.77582
-122.28703,37.81665
-122.235886,37.778545
-122.253075,37.81624
-122.24601,37.815887
-122.29407,37.81318
-122.239525,37.780624
-122.27292,37.802868
-122.225685,37.779037
-122.28809,37.840767
-122.29122,37.81593
-122.203285,37.744125
-122.24542,37.814194
-122.17687,37.745445
-122.27151,37.8008
-122.245346,37.815662
-122.179405,37.742702
-122.179115,37.805115
-122.28537,37.79924
-122.262924,37.839043
-122.30324,37.808376
-122.2654,37.816654
-122.294914,37.809284
-122.25212,37.826557
-122.24601,37.815887
-122.25567,37.83637
-122.25592,37.8259
-122.21357,37.773598
-122.15113,37.742096
-122.29407,37.81318
-122.28738,37.817253
-122.21713,37.76716
-122.20942,37.825806
-122.27105,37.80576
-122.28537,37.79924
-122.26526,37.802055
-122.22344,37.765144
-122.41892,37.796097
-122.18413,37.80882
-122.21877,37.767326
-122.26771,37.834854
-122.28572,37.80021
-122.137634,37.75959
-122.27464,37.803875
-122.209656,37.75784
-122.266174,37.849377
-122.23382,37.841007
-122.17823,37.728474
-122.23941,37.801403
-122.160904,37.758423
-122.20762,37.74483
-122.239525,37.78062
-122.160904,37.758423
-122.18752,37.79962
-122.211655,37.79874
-122.28427,37.826256
-122.25089,37.837315
-122.29145,37.815323
-122.270805,37.8039
-122.3054,37.83779
-122.21216,37.76481
-122.137634,37.75959
-122.400604,37.790333
-122.247116,37.810944
-122.28732,37.799644
-122.20627,37.757984
-122.27464,37.803875
-122.24966,37.838192
-122.24608,37.807655
-122.41316,37.76643
-122.27786,37.797947
-122.28855,37.842857
-122.19657,37.7889
-122.27524,37.81341
-122.15793,37.768578
-122.24601,37.815887
-122.26326,37.82429
-122.26923,37.80664
-122.16035,37.7731
-122.177086,37.739677
-122.2695,37.80388
-122.2865,37.820614
-122.27937,37.837353
-122.26154,37.863163
-122.271805,37.838757
-122.148766,37.741383
-122.28503,37.8124
-122.17055,37.743114
-122.29967,37.80645
-122.419914,37.794304
-122.18861,37.747433
-122.25989,37.816628
-122.186516,37.747833
-122.26875,37.805656
-122.27362,37.804684
-122.266174,37.810345
-122.2016,37.7392
-122.21193,37.80412
-122.2143,37.791607
-122.19936,37.780716
-122.27376,37.80032
-122.26467,37.809288
-122.19787,37.745426
-122.25182,37.847958
-122.23386,37.77362
-122.28888,37.812584
-122.27334,37.794483
-122.26036,37.83051
-122.24425,37.7937
-122.21012,37.80399
-122.24715,37.80485
-122.26576,37.80513
-122.21257,37.811657
-122.27491,37.805668
-122.18259,37.750057
-122.19975,37.742336
-122.2016,37.7392
-122.21828,37.80043
-122.2751,37.831512
-122.264694,37.808937
-122.202614,37.73831
-122.197334,37.811775
-122.27678,37.806793
-122.272385,37.80452
-122.19308,37.751186
-122.27477,37.801163
-122.26484,37.808968
-122.22092,37.84638
-122.26537,37.807137
-122.19534,37.78917
-122.25283,37.84461
-122.263756,37.841743
-122.16347,37.76832
-122.25198,37.84356
-122.26528,37.807774
-122.27091,37.80327
-122.22211,37.809753
-122.19241,37.768456
-122.22574,37.832558
-122.268295,37.805805
-122.284355,37.843483
-122.26576,37.80513
-122.28098,37.845398
-122.268745,37.814262
-122.29042,37.829327
-122.29079,37.84783
-122.18568,37.740044
-122.16668,37.775932
-122.272385,37.80452
-122.27645,37.842525
-122.17492,37.74637
-122.26528,37.807774
-122.226204,37.797882
-122.26602,37.812683
-122.271866,37.793198
-122.26718,37.791546
-122.27326,37.802124
-122.24715,37.80485
-122.26796,37.79487
-122.1804,37.742744
-122.278435,37.808594
-122.266174,37.810345
-122.27092,37.80489
-122.26604,37.812675
-122.24425,37.7937
-122.24667,37.811043
-122.18259,37.750057
-122.18861,37.747433
-122.2568,37.79464
-122.24634,37.79577
-122.25281,37.850353
-122.13747,37.77382
-122.204475,37.75592
-122.211426,37.769524
-122.25134,37.800266
-122.27752,37.79782
-122.2578,37.83893
-122.247154,37.810944
-122.26455,37.799576
-122.22412,37.765747
-122.29639,37.80751
-122.27544,37.80052
-122.27034,37.80372
-122.30174,37.83809
-122.25715,37.835197
-122.27039,37.806553
-122.16175,37.777573
-122.2004,37.79232
-122.204025,37.730587
-122.21473,37.78613
-122.17003,37.743824
-122.29639,37.80751
-122.19354,37.796223
-122.207886,37.845097
-122.24946,37.817337
-122.25134,37.800278
-122.27039,37.806553
-122.218216,37.781357
-122.188,37.798206
-122.22937,37.783333
-122.27544,37.80052
-122.18544,37.732155
-122.23869,37.79964
-122.26447,37.813683
-122.207886,37.845097
-122.49279,37.756584
-122.22147,37.80013
-122.18665,37.771164
-122.26357,37.831005
-122.18877,37.762344
-122.29076,37.829975
-122.259575,37.816444
-122.200264,37.736797
-122.27013,37.79577
-122.2429,37.782326
-122.16229,37.765945
-122.19951,37.83461
-122.28509,37.833485
-122.27464,37.803875
-122.271194,37.803673
-122.262794,37.811325
-122.262344,37.834812
-122.265305,37.80776
-122.25583,37.81482
-122.19505,37.75281
-122.28429,37.82626
-122.24885,37.838867
-122.18881,37.742565
-122.28762,37.842545
-122.28711,37.807804
-122.17336,37.77985
-122.15945,37.75619
-122.29717,37.80525
-122.26779,37.84451
-122.16056,37.751747
-122.237366,37.805138
-122.49769,37.780327
-122.27289,37.820232
-122.15945,37.75619
-122.273544,37.804718
-122.48866,37.7755
-122.19903,37.792725
-122.48551,37.77551
-122.26271,37.81499
-122.27307,37.80508
-122.27183,37.83634
-122.23712,37.78323
-122.21924,37.77618
-122.26748,37.83369
-122.27089,37.82528
-122.24087,37.80657
-122.26244,37.82739
-122.26312,37.803738
-122.20775,37.78847
-122.20466,37.798946
-122.29717,37.80525
-122.17052,37.741234
-122.25097,37.803127
-122.28473,37.812595
-122.23034,37.77356
-122.294914,37.809284
-122.25601,37.793793
-122.24899,37.806625
-122.24981,37.809753
-122.2027,37.73841
-122.22973,37.789375
-122.276566,37.811512
-122.28224,37.821518
-122.2833,37.823273
-122.27512,37.815174
-122.27815,37.840187
-122.21626,37.79195
-122.24147,37.800217
-122.200485,37.78817
-122.260086,37.82589
-122.19205,37.756317
-122.251465,37.83287
-122.2575,37.82816
-122.27561,37.802406
-122.271194,37.803673
-122.27706,37.8419
-122.27421,37.80742
-122.184044,37.791588
-122.20022,37.80661
-122.23621,37.774857
-122.27687,37.812813
-122.243385,37.81
-122.42932,37.7988
-122.26802,37.80864
-122.24274,37.814045
-122.24645,37.808495
-122.2836,37.825344
-122.25455,37.834408
-122.2978,37.80357
-122.20022,37.80661
-122.24799,37.800133
-122.188034,37.799507
-122.46613,37.76634
-122.23356,37.776615
-122.23712,37.78323
-122.27727,37.80134
-122.27413,37.824146
-122.18949,37.729053
-122.26175,37.789448
-122.29365,37.813023
-122.207985,37.797886
-122.19862,37.787106
-122.272934,37.80473
-122.412025,37.795376
-122.18228,37.7978
-122.26387,37.835976
-122.19295,37.789818
-122.19295,37.789818
-122.26528,37.807774
-122.195526,37.727318
-122.26695,37.840343
-122.25134,37.800278
-122.24147,37.798973
-122.27345,37.795334
-122.170815,37.75427
-122.2669,37.84807
-122.26456,37.808132
-122.21974,37.77123
-122.38887,37.761784
-122.182724,37.76129
-122.24957,37.80359
-122.27065,37.804394
-122.43118,37.797665
-122.26841,37.81271
-122.26498,37.84142
-122.2263,37.805138
-122.389465,37.76303
-122.298965,37.810497
-122.22498,37.78313
-122.23763,37.80323
-122.1968,37.794647
-122.20245,37.743027
-122.18097,37.73806
-122.26175,37.789448
-122.19612,37.79407
-122.4849,37.78854
-122.164536,37.769974
-122.279816,37.824722
-122.21466,37.7675
-122.16048,37.776577
-122.27827,37.82268
-122.23568,37.7897
-122.251236,37.83734
-122.29716,37.805252
-122.22112,37.80971
-122.27162,37.822086
-122.25182,37.847958
-122.25141,37.797577
-122.305954,37.809002
-122.17137,37.750267
-122.2476,37.796448
-122.21446,37.767338
-122.283745,37.80927
-122.293274,37.80672
-122.2353,37.78381
-122.27873,37.811947
-122.267586,37.806942
-122.247025,37.805244
-122.28998,37.80086
-122.28405,37.82557
-122.26626,37.80152
-122.24961,37.795864
-122.28173,37.811417
-122.12853,37.751724
-122.24405,37.798447
-122.23827,37.78166
-122.19258,37.762505
-122.23827,37.78166
-122.16472,37.75529
-122.250206,37.803894
-122.38882,37.7605
-122.25678,37.79141
-122.24961,37.795864
-122.26797,37.79406
-122.260445,37.843723
-122.26776,37.798965
-122.18861,37.747433
-122.15556,37.75179
-122.27788,37.813007
-122.19526,37.72667
-122.27048,37.831097
-122.40086,37.79678
-122.27183,37.83634
-122.21446,37.767338
-122.24698,37.794956
-122.27082,37.803047
-122.20344,37.79072
-122.24934,37.8175
-122.42433,37.792088
-122.15304,37.779873
-122.18932,37.759323
-122.29817,37.810688
-122.225395,37.808365
-122.2695,37.80388
-122.26175,37.789448
-122.20887,37.826866
-122.418655,37.794468
-122.2758,37.817295
-122.24799,37.79549
-122.25601,37.793793
-122.25057,37.798687
-122.28604,37.80964
-122.21034,37.826237
-122.25212,37.826557
-122.249954,37.794834
-122.29967,37.80645
-122.25865,37.851482
-122.243835,37.816147
-122.24883,37.829483
-122.181,37.775936
-122.21242,37.804928
-122.25666,37.822594
-122.23801,37.80374
-122.27207,37.822594
-122.21007,37.78569
-122.17271,37.767918
-122.21227,37.793373
-122.2723,37.8013
-122.26897,37.81375
-122.26352,37.803085
-122.20009,37.785107
-122.230385,37.784332
-122.19511,37.785076
-122.20856,37.768635
-122.230064,37.797287
-122.16777,37.749146
-122.28754,37.805847
-122.19972,37.73607
-122.25242,37.815105
-122.157936,37.75177
-122.268196,37.81014
-122.24951,37.795197
-122.3902,37.764267
-122.26175,37.789448
-122.25462,37.815346
-122.289444,37.80526
-122.24908,37.796356
-122.193954,37.74261
-122.1957,37.79109
-122.22196,37.782944
-122.16038,37.747757
-122.22485,37.773746
-122.25665,37.82259
-122.26517,37.80737
-122.19788,37.770645
-122.19022,37.77514
-122.253365,37.792645
-122.246475,37.810635
-122.2576,37.799343
-122.2284,37.784286
-122.27131,37.830475
-122.25984,37.81518
-122.27547,37.81349
-122.26484,37.839996
-122.2558,37.79276
-122.17017,37.76442
-122.232765,37.77255
-122.20021,37.843937
-122.172554,37.757267
-122.25436,37.810844
-122.42228,37.781956
-122.247894,37.817333
-122.163,37.75472
-122.247154,37.810944
-122.21807,37.81
-122.26471,37.836388
-122.28043,37.845783
-122.38882,37.7605
-122.26677,37.816467
-122.24907,37.816326
-122.25057,37.798687
-122.17547,37.745914
-122.13989,37.77319
-122.27198,37.810905
-122.27822,37.842045
-122.243835,37.816147
-122.21466,37.7675
-122.25796,37.84411
-122.1749,37.728325
-122.27703,37.839165
-122.18057,37.760998
-122.19881,37.79556
-122.19849,37.79537
-122.20944,37.759144
-122.27951,37.81745
-122.2673,37.81474
-122.19018,37.772778
-122.16351,37.754913
-122.253136,37.80322
-122.22517,37.773865
-122.17648,37.7495
-122.27362,37.804684
-122.27097,37.803112
-122.16668,37.775932
-122.271324,37.802723
-122.261826,37.843266
-122.247665,37.81127
-122.190254,37.77942
-122.24072,37.780903
-122.21697,37.810097
-122.2196,37.79233
-122.271904,37.797913
-122.26592,37.84186
-122.2183,37.78764
-122.159355,37.748253
-122.26697,37.822388
-122.25583,37.827602
-122.24697,37.790512
-122.26175,37.789448
-122.270805,37.8039
-122.248665,37.81822
-122.25687,37.8131
-122.285934,37.845524
-122.23308,37.791187
-122.25057,37.798687
-122.19819,37.734917
-122.195755,37.767113
-122.25119,37.810974
-122.40551,37.7903
-122.22254,37.766964
-122.28034,37.823402
-122.253654,37.807808
-122.17714,37.73138
-122.24972,37.798733
-122.244194,37.78926
-122.267204,37.82264
-122.17045,37.770016
-122.20001,37.78319
-122.256454,37.795883
-122.15709,37.74278
-122.22254,37.80493
-122.24085,37.800484
-122.23635,37.844227
-122.25212,37.826557
-122.17539,37.772186
-122.26764,37.80354
-122.27944,37.79736
-122.26583,37.808414
-122.28059,37.846382
-122.27946,37.807137
-122.2309,37.800217
-122.29664,37.813015
-122.169975,37.76416
-122.28711,37.807804
-122.162254,37.737858
-122.234436,37.784077
-122.21985,37.762848
-122.23917,37.790012
-122.17773,37.8008
-122.26312,37.803738
-122.13617,37.767105
-122.15203,37.772778
-122.26284,37.827015
-122.29202,37.815575
-122.2573,37.813328
-122.18758,37.756866
-122.17089,37.761597
-122.28604,37.80964
-122.504974,37.778004
-122.27658,37.797306
-122.25719,37.819653
-122.27015,37.807575
-122.18202,37.73155
-122.26714,37.84215
-122.25526,37.808926
-122.16585,37.75481
-122.21034,37.826237
-122.27064,37.82217
-122.23808,37.803192
-122.19975,37.742336
-122.27632,37.811462
-122.19228,37.759296
-122.27809,37.7956
-122.25814,37.809566
-122.27106,37.813374
-122.26383,37.83143
-122.239815,37.785458
-122.170906,37.757298
-122.26395,37.81068
-122.25212,37.826557
-122.2816,37.84649
-122.227,37.788692
-122.25206,37.8264
-122.24537,37.79616
-122.23313,37.802006
-122.27607,37.806324
-122.28726,37.79995
-122.25666,37.799335
-122.22593,37.794113
-122.19043,37.772087
-122.21134,37.787907
-122.21758,37.789654
-122.15775,37.741074
-122.292595,37.80942
-122.18521,37.735153
-122.18503,37.739437
-122.20221,37.775463
-122.25526,37.808926
-122.25514,37.850685
-122.29862,37.813282
-122.27105,37.80576
-122.25698,37.81057
-122.26874,37.804173
-122.24525,37.81456
-122.27504,37.80692
-122.24834,37.797325
-122.22241,37.807056
-122.212326,37.77259
-122.25662,37.814274
-122.15969,37.756702
-122.27066,37.827785
-122.20717,37.83562
-122.25649,37.81955
-122.219734,37.771206
-122.26564,37.806774
-122.277,37.795666
-122.22371,37.793453
-122.26901,37.83876
-122.18107,37.762074
-122.24565,37.81024
-122.193695,37.79171
-122.27291,37.84197
-122.247116,37.810944
-122.17877,37.755596
-122.23379,37.84225
-122.19787,37.745426
-122.19157,37.788353
-122.25415,37.827633
-122.264915,37.814457
-122.26383,37.83143
-122.20089,37.743034
-122.289986,37.822178
-122.23353,37.78822
-122.19156,37.75222
-122.277,37.795666
-122.26893,37.82801
-122.20086,37.78146
-122.26312,37.803738
-122.20175,37.784706
-122.29042,37.829327
-122.20622,37.758965
-122.2134,37.79281
-122.23178,37.78101
-122.173584,37.728897
-122.273766,37.800774
-122.193436,37.734146
-122.17975,37.758892
-122.12893,37.753147
-122.235405,37.802956
-122.25587,37.810184
-122.2699,37.80269
-122.26802,37.806248
-122.28043,37.798084
-122.2654,37.807156
-122.25977,37.84093
-122.27704,37.797523
-122.26477,37.830914
-122.1668,37.755665
-122.20645,37.758373
-122.26564,37.806774
-122.38889,37.763012
-122.18454,37.749866
-122.28645,37.799366
-122.144936,37.75992
-122.27154,37.793083
-122.24565,37.81024
-122.2855,37.844025
-122.20382,37.844887
-122.25977,37.84093
-122.179436,37.75648
-122.200874,37.7386
-122.18006,37.73716
-122.27145,37.806103
-122.220604,37.779297
-122.15969,37.756702
-122.21034,37.826237
-122.27291,37.84197
-122.248634,37.789204
-122.233864,37.79165
-122.26615,37.812466
-122.2728,37.80282
-122.26533,37.82721
-122.27731,37.81473
-122.24793,37.798424
-122.28316,37.822437
-122.24574,37.816784
-122.180695,37.749844
-122.21472,37.793365
-122.25368,37.80939
-122.24642,37.81208
-122.21283,37.766727
-122.171295,37.77367
-122.26831,37.80638
-122.13248,37.736458
-122.27567,37.79625
-122.24589,37.793797
-122.23125,37.77207
-122.28242,37.818817
-122.19245,37.764446
-122.1725,37.75017
-122.27085,37.826267
-122.15365,37.741863
-122.18876,37.772934
-122.26802,37.80864
-122.25851,37.814316
-122.258675,37.85019
-122.24252,37.801624
-122.22241,37.807056
-122.25212,37.826557
-122.286575,37.814014
-122.21108,37.786972
-122.20894,37.78705
-122.17812,37.758026
-122.25019,37.84216
-122.26643,37.799614
-122.27881,37.840496
-122.26129,37.842834
-122.263695,37.850018
-122.22654,37.801334
-122.275635,37.794666
-122.25662,37.814274
-122.210014,37.803055
-122.27291,37.84197
-122.18006,37.73716
-122.20654,37.779346
-122.27545,37.801773
-122.17968,37.79499
-122.21291,37.802757
-122.19819,37.734917
-122.21758,37.778866
-122.20243,37.813435
-122.180695,37.749844
-122.266426,37.822514
-122.27504,37.795223
-122.21034,37.826237
-122.25551,37.809677
-122.25212,37.826557
-122.22957,37.799564
-122.19166,37.76664
-122.2066,37.830013
-122.247154,37.810944
-122.20449,37.7982
-122.20773,37.77038
-122.16523,37.74745
-122.26838,37.806515
-122.19785,37.788284
-122.18071,37.737827
-122.26195,37.83098
-122.277,37.795677
-122.26824,37.83022
-122.22305,37.835873
-122.24006,37.782417
-122.2654,37.807156
-122.23689,37.8442
-122.23541,37.789314
-122.19798,37.772358
-122.17939,37.756413
-122.18021,37.773754
-122.202835,37.738552
-122.21723,37.765522
-122.25445,37.811775
-122.201164,37.762756
-122.27464,37.803875
-122.264694,37.808937
-122.271706,37.83055
-122.247345,37.827072
-122.27236,37.80454
-122.19254,37.78626
-122.26458,37.813404
-122.173256,37.756393
-122.20987,37.772617
-122.25513,37.837925
-122.27773,37.8376
-122.27624,37.841347
-122.27613,37.81309
-122.16195,37.745632
-122.14521,37.746098
-122.18347,37.76294
-122.138245,37.770794
-122.26583,37.808414
-122.23074,37.772488
-122.27105,37.80576
-122.28018,37.821915
-122.26564,37.806774
-122.20191,37.756294
-122.17998,37.78904
-122.238045,37.79339
-122.13929,37.748363
-122.24737,37.810726
-122.27067,37.794594
-122.27248,37.7958
-122.22305,37.835873
-122.165215,37.778778
-122.220535,37.837765
-122.29936,37.80686
-122.271065,37.805763
-122.23541,37.789314
-122.18008,37.746113
-122.210335,37.826252
-122.24601,37.815887
-122.20572,37.775864
-122.285095,37.806076
-122.262375,37.837414
-122.138504,37.735107
-122.15154,37.79175
-122.19819,37.734917
-122.19595,37.791428
-122.26835,37.80397
-122.201164,37.762756
-122.21695,37.80267
-122.19474,37.836693
-122.23339,37.79582
-122.27065,37.804394
-122.215836,37.80102
-122.20281,37.738438
-122.25711,37.812904
-122.288055,37.813286
-122.173256,37.756393
-122.28889,37.825256
-122.2409,37.787434
-122.20184,37.74293
-122.22382,37.776146
-122.25577,37.794617
-122.202614,37.73831
-122.253586,37.810665
-122.27291,37.804703
-122.29716,37.80428
-122.18668,37.744904
-122.15353,37.74453
-122.28257,37.843456
-122.284935,37.844414
-122.16091,37.74828
-122.23594,37.79522
-122.24239,37.807236
-122.277,37.795666
-122.22413,37.776722
-122.265396,37.81888
-122.206406,37.797703
-122.27248,37.7958
-122.19839,37.73572
-122.25332,37.80112
-122.21665,37.769753
-122.20013,37.76643
-122.2216,37.788635
-122.24619,37.794285
-122.2033,37.788303
-122.203384,37.783443
-122.17619,37.731907
-122.231224,37.772762
-122.14207,37.75793
-122.206856,37.79135
-122.274864,37.81335
-122.17741,37.75837
-122.28508,37.818714
-122.19297,37.79013
-122.19557,37.794373
-122.183876,37.796032
-122.27334,37.794483
-122.13305,37.735363
-122.25727,37.796753
-122.258194,37.813183
-122.2892,37.806927
-122.27191,37.84134
-122.19905,37.792137
-122.27196,37.796577
-122.280624,37.816128
-122.19847,37.77694
-122.247116,37.810944
-122.2654,37.807156
-122.198044,37.79532
-122.17823,37.728474
-122.17573,37.754086
-122.262024,37.83974
-122.214005,37.80023
-122.26076,37.816193
-122.196815,37.840736
-122.19897,37.754417
-122.2026,37.76175
-122.2763,37.818
-122.25119,37.811108
-122.213066,37.807606
-122.229904,37.772305
-122.275604,37.847095
-122.29524,37.81208
-122.26395,37.81068
-122.22665,37.79816
-122.16291,37.778633
-122.1857,37.763832
-122.21068,37.828396
-122.22176,37.77799
-122.196815,37.840736
-122.26017,37.826702
-122.24648,37.808033
-122.261345,37.831215
-122.252106,37.82657
-122.20661,37.790504
-122.22622,37.77699
-122.20329,37.806046
-122.277,37.795666
-122.212555,37.79029
-122.18473,37.790783
-122.20562,37.779285
-122.2743,37.81511
-122.17951,37.74512
-122.17224,37.767773
-122.19221,37.76941
-122.262794,37.811325
-122.27866,37.845737
-122.260864,37.82627
-122.26282,37.839687
-122.156,37.769268
-122.25119,37.80342
-122.19514,37.783203
-122.12901,37.750004
-122.22454,37.78993
-122.21941,37.795715
-122.22959,37.793774
-122.25472,37.824734
-122.2016,37.7392
-122.22375,37.78266
-122.15391,37.757877
-122.250565,37.798676
-122.26409,37.809933
-122.28125,37.812614
-122.13305,37.735363
-122.13627,37.749134
-122.274605,37.798817
-122.23842,37.799164
-122.26062,37.819626
-122.285995,37.814564
-122.173775,37.73231
-122.27595,37.797348
-122.25154,37.800976
-122.1869,37.775417
-122.14207,37.75793
-122.247116,37.810944
-122.25489,37.812572
-122.2511,37.801975
-122.21034,37.826237
-122.21034,37.826237
-122.277,37.795666
-122.20598,37.791656
-122.19937,37.75169
-122.25166,37.803352
-122.208595,37.771133
-122.19124,37.791447
-122.301125,37.805443
-122.257034,37.850456
-122.17284,37.738842
-122.229324,37.78433
-122.21429,37.795273
-122.277756,37.844322
-122.16422,37.75293
-122.22507,37.78675
-122.24948,37.79458
-122.23633,37.783733
-122.23056,37.796993
-122.22568,37.78604
-122.2766,37.80696
-122.27051,37.803486
-122.19847,37.78657
-122.2166,37.79607
-122.16244,37.74202
-122.19076,37.829254
-122.28439,37.82102
-122.21324,37.781876
-122.193695,37.736656
-122.20824,37.787205
-122.26885,37.807495
-122.19972,37.73607
-122.22226,37.806694
-122.26231,37.827385
-122.20846,37.800488
-122.19592,37.838207
-122.28676,37.810394
-122.13929,37.772903
-122.27459,37.82238
-122.228806,37.78364
-122.18281,37.73361
-122.22424,37.78979
-122.21415,37.77278
-122.18437,37.75975
-122.27756,37.805225
-122.17625,37.73518
-122.277214,37.842243
-122.160904,37.766335
-122.239296,37.79367
-122.205696,37.792362
-122.22625,37.772217
-122.26811,37.810123
-122.21582,37.801025
-122.18737,37.786606
-122.26626,37.80152
-122.206375,37.789356
-122.221306,37.81047
-122.22001,37.788273
-122.22191,37.840572
-122.24518,37.79343
-122.20926,37.844193
-122.19216,37.79673
-122.211044,37.82721
-122.28439,37.82102
-122.22693,37.787556
-122.21214,37.785698
-122.25613,37.837498
-122.182335,37.785015
-122.271065,37.805763
-122.262794,37.811325
-122.27258,37.79587
-122.216446,37.787754
-122.248505,37.818897
-122.29903,37.80461
-122.2723,37.8013
-122.14462,37.746593
-122.178406,37.75974
-122.290016,37.803875
-122.21111,37.790558
-122.25212,37.826557
-122.25526,37.80894
-122.17921,37.796585
-122.25492,37.846558
-122.2146,37.80303
-122.26564,37.806774
-122.24454,37.814537
-122.16387,37.74362
-122.26379,37.818604
-122.20562,37.779285
-122.16852,37.755657
-122.20141,37.77618
-122.176575,37.77562
-122.17361,37.765663
-122.19818,37.770733
-122.262794,37.811325
-122.205956,37.791668
-122.16523,37.76105
-122.20916,37.764435
-122.200134,37.819565
-122.267166,37.844913
-122.20926,37.844193
-122.25663,37.7966
-122.26518,37.80273
-122.255394,37.814995
-122.26564,37.806774
-122.20231,37.81206
-122.19839,37.73572
-122.25586,37.84526
-122.26576,37.801243
-122.252106,37.82657
-122.27083,37.806374
-122.19013,37.778816
-122.25209,37.848278
-122.22239,37.783363
-122.2475,37.817192
-122.23307,37.778313
-122.18487,37.75601
-122.191795,37.743637
-122.23029,37.801067
-122.159134,37.77577
-122.246254,37.795574
-122.26337,37.82538
-122.202644,37.742027
-122.27082,37.803047
-122.22239,37.783363
-122.12847,37.762093
-122.27069,37.82331
-122.27069,37.82331
-122.16036,37.76397
-122.25824,37.798744
-122.24025,37.79786
-122.19999,37.76697
-122.212364,37.831566
-122.19787,37.745426
-122.27238,37.803486
-122.19638,37.765453
-122.178375,37.756992
-122.214294,37.795204
-122.215256,37.763416
-122.26856,37.802715
-122.200516,37.76284
-122.24061,37.8154
-122.245964,37.79062
-122.184166,37.737377
-122.39279,37.762775
-122.28019,37.81798
